Question,Answer
"Based on the new documentation provided, I have refined and expanded the practice questions. These are designed to simulate a ""system requirements"" analysis, treating the Sustainable Development Goals (SDGs) as a global technical framework with specific constraints, telemetry (data points), and logic.","I understand that you have refined and expanded practice questions to simulate a ""system requirements"" analysis of the Sustainable Development Goals (SDGs). However, the specific questions were not included in your message. 

Please provide the questions you would like me to address, and I will answer them using the provided documentation as the source for the ""system's"" constraints, telemetry (data points), and logic."
"The documentation defines a specific ""deployment window"" and a consensus-based implementation strategy. Identify the target year for reaching the Sustainable Development Goals. Furthermore, quantify the ""global consensus"" by identifying how many countries have agreed to these goals, and explain the role of the ""final goal"" in the context of system integration.","Based on the documentation provided, here are the details regarding the Sustainable Development Goals (SDGs):

*   **Target Year:** The target year for fulfilling the Sustainable Development Goals is **2030**.
*   **Global Consensus:** The global consensus is quantified by the **193 countries** whose leaders came together to agree upon and commit to these goals.
*   **Role of the ""Final Goal"":** The final goal (Goal 17: Strengthen the means of implementation and revitalize the global partnership for sustainable development) serves as the framework for system integration. Its specific role is to **lay out a way for nations to work together to achieve all the other Goals**, utilizing the world's interconnectedness through technology, travel, and global institutions."
*   **Target Reduction:** What is the specific per capita target for reducing global food waste?,The specific per capita target for reducing global food waste is to **cut it in half** globally.
*   **Decay Rate:** At what rate (relative to historical data) is arable land currently disappearing?,Arable land is currently disappearing **30 to 35 times faster** than it has historically.
"*   **System Coverage:** What percentage of the Earth’s surface is currently covered by forests, and what percentage of the human ""input"" (diet) is provided by plant life?","Based on the provided text:

*   **Forest coverage:** Forests cover **30%** of the Earth’s surface.
*   **Human diet:** Plant life makes up **80%** of the human diet."
*   **Thermal Limit:** What is the maximum allowable increase in global mean temperature (in Celsius) relative to pre-industrial levels?,The maximum allowable increase in global mean temperature is **two degrees Celsius** above pre-industrial levels.
"*   **Loss Telemetry:** What is the average annual financial loss attributed to earthquakes, tsunamis, tropical cyclones, and flooding?","Based on the provided text, the average annual losses from earthquakes, tsunamis, tropical cyclones, and flooding count in the **hundreds of billions of dollars**."
"*   **Vulnerability Logic:** Which two specific types of regions are identified as requiring increased ""resilience"" to reduce loss of life and property?","According to the text, the two specific types of regions identified as requiring increased resilience to reduce the loss of life and property are **land-locked countries** and **island states**."
*   **Dependency:** How many people depend on marine and coastal diversity for their livelihoods?,More than **3 billion people** depend on marine and coastal diversity for their livelihoods.
*   **Carbon Sequestration:** What percentage of human-produced carbon dioxide is absorbed by the oceans?,Oceans absorb about **30 percent** of the carbon dioxide that humans produce.
